comment_id,paper,method,title,quote,explanation,comment_type,paragraph_index,ground_truth_match,correctness,specificity,justification,actionability,substantiveness,notes
pred_0,targeting-interventions-networks,zero_shot,Potential error in cosine similarity definition,"DEFINITION 1: The cosine similarity of two nonzero vectors $\boldsymbol{y}$ and $\boldsymbol{z}$ is $\rho(\boldsymbol{y}, \boldsymbol{z})=\frac{\boldsymbol{y} \cdot \boldsymbol{z}}{\|\boldsymbol{y}\|}$.","The standard definition of cosine similarity is the dot product divided by the product of both norms: $\frac{\boldsymbol{y} \cdot \boldsymbol{z}}{\|\boldsymbol{y}\| \|\boldsymbol{z}\|}$. The definition given here is missing $\|\boldsymbol{z}\|$ in the denominator. Looking at how this is used later in the paper (e.g., in the proof of Proposition 2, equation (12), where they write $\rho(\Delta \boldsymbol{b}^{*}, \sqrt{C} \boldsymbol{u}^{1})=\frac{(\boldsymbol{b}^{*}-\hat{\boldsymbol{b}}) \cdot (\sqrt{C} \boldsymbol{u}^{1})}{\|\boldsymbol{b}^{*}-\hat{\boldsymbol{b}}\|\|\sqrt{C} \boldsymbol{u}^{1}\|}$), the authors clearly intend the standard definition with both norms. This appears to be a typographical error in Definition 1.",technical,59,no,5,5,5,5,3,Correctly identifies that the cosine-similarity definition omits the norm of the second vector and cross-checks the intended standard definition against later usage.
pred_1,targeting-interventions-networks,zero_shot,Ambiguity in sign convention for eigenvector uniqueness,"For generic $\boldsymbol{G}$, the decomposition is uniquely determined, except that any column of $\boldsymbol{U}$ is determined only up to multiplication by -1.","The authors correctly note that eigenvectors are determined only up to sign. However, this creates potential ambiguity in interpreting results like Proposition 1 part 2a, which states that $\rho(\boldsymbol{y}^{*}, \boldsymbol{u}^{1}(\boldsymbol{G})) \rightarrow 1$. Since $\boldsymbol{u}^{1}$ is only determined up to sign, one might worry whether this should be $|\rho(\boldsymbol{y}^{*}, \boldsymbol{u}^{1}(\boldsymbol{G}))| \rightarrow 1$. Looking at the context, particularly the Definition 2 of simple interventions which also uses $u_i^1$ without specifying sign, and the fact that the Perron-Frobenius theorem guarantees $\boldsymbol{u}^{1}$ can be chosen to have all positive entries (mentioned later in the discussion of eigenvector centrality), the authors likely intend to fix this positive sign convention for $\boldsymbol{u}^{1}$. However, this convention should be stated explicitly to avoid confusion.",logical,46,yes,5,5,5,5,4,Identifies the eigenvector-sign ambiguity that also appears in the Refine ground truth. The comment explains why an absolute cosine or an explicit orientation convention is needed.
pred_2,targeting-interventions-networks,zero_shot,Inconsistency between welfare formula and stated Property A,"Property A: The aggregate equilibrium utility is proportional to the sum of the squares of the equilibrium actions, that is, $W(\boldsymbol{b}, \boldsymbol{G})=w \cdot\left(\boldsymbol{a}^{*}\right)^{\top} \boldsymbol{a}^{*}$ for some $w \in \mathbb{R}$, where $\boldsymbol{a}^{*}$ is the Nash equilibrium action profile.","In Example 2 (Local Public Goods), the authors state that the aggregate equilibrium utility is $W(\boldsymbol{b}, \boldsymbol{G})=-\left(\boldsymbol{a}^{*}\right)^{\top} \boldsymbol{a}^{*}$, corresponding to $w=-1$. However, I traced through the calculation: with $U_i(\boldsymbol{a}, \boldsymbol{G})=-\frac{1}{2}(\tau-x_i)^2-\frac{1}{2}a_i^2$, summing over all agents and substituting the equilibrium condition would give a more complex expression involving cross-terms from $(\tau-x_i)^2 = (\tau - \tilde{b}_i - a_i - \tilde{\beta}\sum_j g_{ij}a_j)^2$. The claim that this simplifies to $-\boldsymbol{a}^{\top}\boldsymbol{a}$ after the change of variables is stated without derivation. While this may be correct, the verification is non-trivial and would benefit from explicit calculation or a reference to where it is shown in the supplementary material.",technical,41,no,3,4,3,4,3,The concern is plausible but unresolved: the reviewer notes that the welfare simplification is non-trivial but does not establish that the formula is wrong. A derivation or citation would address the concern.
pred_3,targeting-interventions-networks,zero_shot,Missing justification for equilibrium uniqueness under the transformation,Performing the change of variables $b_{i}=\left[\tau-b_{i}\right] / 2$ and $\beta=-\tilde{\beta} / 2$ (with the status quo equal to $\hat{b}_{i}=\left[\tau-\tilde{b}_{i}\right] / 2$) yields a best-response structure exactly as in condition (2).,"The change of variables appears to have a typo: $b_i = [\tau - b_i]/2$ should likely be $b_i = [\tau - \tilde{b}_i]/2$ (using the tilde notation from the local public goods setup). More substantively, after this change of variables, the authors should verify that Assumption 2 (spectral radius condition) still holds with the new $\beta = -\tilde{\beta}/2$ to ensure equilibrium uniqueness. Since $\tilde{\beta} \in (0,1)$, we have $|\beta| = \tilde{\beta}/2 < 1/2$, which would satisfy the spectral radius condition if $\boldsymbol{G}$ has spectral radius at most 2, but this is not explicitly verified.",technical,40,,,,,,,
pred_4,targeting-interventions-networks,zero_shot,Incomplete specification of when the budget constraint binds,"First, at the optimal solution $\boldsymbol{x}^{*}$, the resource constraint problem must bind.","In the proof of Theorem 1, the authors argue that the constraint must bind at the optimum. The argument for the case $w > 0$ is clear: if the constraint doesn't bind, we can increase some $x_\ell$ to increase the objective. However, for $w < 0$, the argument is less clear as stated. They write 'If $w>0$ (resp. $w<0$), the increase or the decrease is guaranteed to increase (resp. decrease) the corresponding $(x_\ell+1)^2$.' For $w < 0$, we want to minimize $\sum_\ell w\alpha_\ell(1+x_\ell)^2\underline{\hat{b}}_\ell^2$, which means minimizing $(1+x_\ell)^2$. But the constraint limits how negative $x_\ell$ can be. The argument that the constraint binds when $w < 0$ and $\sum_\ell \underline{\hat{b}}_\ell^2 > C$ (from Assumption 3) needs more careful justification - it relies on showing that the optimal $x_\ell$ values require using the full budget.",technical,143,no,4,4,4,4,2,"The underlying binding-budget argument is defensible, but the reviewer reasonably identifies that the w<0 case is terse and would benefit from a more explicit step showing why some coordinate can still move toward -1."
pred_5,targeting-interventions-networks,zero_shot,Potential sign issue in the similarity ratio definition and Corollary 1,"Corollary 1: Suppose Assumptions 1-3 hold and the network game satisfies Property A. If the game is one of strategic complements ( $\beta>0$ ), then $\left|r_{\ell}^{*}\right|$ is decreasing in $\ell$; if the game is one of strategic substitutes ( $\beta<0$ ), then $\left|r_{\ell}^{*}\right|$ is increasing in $\ell$.","The similarity ratio is defined as $r_\ell^* = \rho(\boldsymbol{y}^*, \boldsymbol{u}^\ell(\boldsymbol{G}))/\rho(\hat{\boldsymbol{b}}, \boldsymbol{u}^\ell(\boldsymbol{G}))$. From Theorem 1, this ratio is proportional to $\frac{w\alpha_\ell}{\mu - w\alpha_\ell}$. For strategic complements ($\beta > 0$) with $w > 0$, we have $\alpha_\ell$ decreasing in $\ell$ and $\mu > w\alpha_1 > w\alpha_\ell$, so $\frac{w\alpha_\ell}{\mu - w\alpha_\ell}$ is indeed positive and decreasing in $\ell$. However, the corollary states the result for $|r_\ell^*|$, suggesting the authors want to cover cases where the ratio might be negative. Looking at the formula, if $w < 0$ (which is allowed by Property A), then $\frac{w\alpha_\ell}{\mu - w\alpha_\ell}$ could have different sign behavior. The proof in the appendix doesn't explicitly address the case $w < 0$ for this corollary, though the general framework should apply.",logical,79,no,3,4,4,3,3,"Raises a legitimate scope question about the w<0 case, but does not establish a flaw. The concern is plausible and would benefit from an explicit clarification or proof."
pred_0,targeting-interventions-networks,local,Orthogonality claim requires symmetric interaction matrix,"(c) the principal components are orthogonal, so the effects along various principal components can be treated separately.","The claim that principal components (eigenvectors) are orthogonal is only guaranteed when the interaction matrix is symmetric. In network games, the interaction matrix G often represents directed relationships where g_ij ≠ g_ji, meaning one agent's effect on another need not be reciprocated equally. For asymmetric matrices, eigenvectors are generally not orthogonal, and one would need to work with left and right eigenvectors separately. The paper's context in para 4 describes interactions where 'the strength of a link between two individuals reflects how strongly the action of one affects the marginal returns experienced by the other,' which does not explicitly require symmetry. While this is an introductory section and the formal model likely specifies symmetry assumptions, the passage states this orthogonality as a general property without qualification. A careful reader working with directed networks could be misled into thinking the decomposition approach applies directly to their asymmetric setting.",technical,7,,,,,,,
pred_1,targeting-interventions-networks,local,Missing boldface on vectors in equilibrium equation,$[I-\beta G] a^{*}=b$,"Throughout the paper, vectors are consistently denoted with boldface (e.g., $\boldsymbol{a}$, $\boldsymbol{b}$, $\boldsymbol{G}$ in para 15-16). However, in this equation, $a^{*}$, $b$, $I$, and $G$ appear without boldface. Comparing to para 16 where $\boldsymbol{a}$, $\boldsymbol{G}$, and $\boldsymbol{b}$ are all bolded, this represents a notation inconsistency. While a reader familiar with the context would understand these are vectors/matrices, the inconsistent notation could momentarily confuse readers about whether scalar or vector quantities are intended. This is a minor notational inconsistency rather than a substantive error.",technical,,,,,,,,
pred_2,targeting-interventions-networks,local,Mismatched footnote marker,[^3]Assumption 2:,"I noticed that Assumption 2 is preceded by '[^3]' which appears to be a footnote marker, but Assumption 1 uses a superscript '7' for its footnote. This creates an inconsistency in notation. Looking at the passage, Assumption 1 has footnote 7, so one would expect Assumption 2's footnote to be footnote 8 (which is indeed referenced later in the sentence with the superscript 8). The '[^3]' marker appears to be a formatting artifact or error that doesn't match the paper's footnote numbering scheme. While this is partly a formatting issue, it creates genuine ambiguity about what footnote 3 refers to and whether there's missing content.",logical,20,,,,,,,
pred_3,targeting-interventions-networks,local,Incomplete justification for 'distinct eigenvalues holds generically',all eigenvalues of $\boldsymbol{G}$ are distinct. (The latter condition holds generically.),"The authors claim that the condition of distinct eigenvalues 'holds generically' for symmetric matrices. While this is indeed a standard result in linear algebra (symmetric matrices with repeated eigenvalues form a measure-zero set in the space of symmetric matrices), the claim deserves more careful qualification. For arbitrary symmetric matrices this is true, but network adjacency matrices are constrained: they have non-negative entries, zero diagonal (as stated in para 17), and often additional structure (e.g., binary entries for unweighted networks). The generic property for unconstrained symmetric matrices doesn't automatically transfer to these constrained subspaces. A careful reader working with specific network classes (e.g., regular graphs, which often have repeated eigenvalues) might be misled into thinking this assumption is innocuous when it may actually be restrictive for their application.",technical,20,no,3,4,4,3,3,"Provides a useful qualification about structured network classes, but it does not show that the paper's genericity statement is false for the continuous weighted-matrix setting used in the model."
pred_4,targeting-interventions-networks,local,Overstated claim about necessity and sufficiency,Assumption 2 ensures that (2) is a necessary and sufficient condition for each individual to be best-responding,"Initially, I was puzzled by this claim. Equation (2) in para 18 is simply the first-order condition derived from maximizing the quadratic utility function. For a quadratic objective that is concave in the own action (which it is, given the -½a_i² term), the FOC is always necessary and sufficient for a maximum—this follows from basic convex optimization and does not depend on Assumption 2 (the spectral radius condition). Assumption 2 is needed for the *existence of a unique equilibrium* and for the *invertibility* of [I - βG], but not for the FOC to characterize individual best responses. The authors conflate the role of Assumption 2 in ensuring equilibrium uniqueness/existence with the separate question of whether the FOC characterizes best responses. The latter holds regardless of the spectral radius condition, as long as the utility is strictly concave in own action (which it always is here).",logical,21,no,5,5,5,4,3,"Correctly separates individual strict concavity from the spectral-radius assumption. The first-order condition characterizes each best response independently, while Assumption 2 is needed for equilibrium-level properties such as uniqueness and stability."
pred_5,targeting-interventions-networks,local,Insufficient justification for equilibrium utility formula,"U_{i}\left(\boldsymbol{a}^{*}, \boldsymbol{G}\right)=\frac{1}{2}\left(a_{i}^{*}\right)^{2}","Starting from the utility function in para 31, $U_i = a_i(b_i + \beta \sum_j g_{ij} a_j) - \frac{1}{2}a_i^2$, I attempted to verify this claim. At an interior equilibrium, the first-order condition gives $b_i + \beta \sum_j g_{ij} a_j^* = a_i^*$. Substituting this back into the utility function yields $U_i = a_i^* \cdot a_i^* - \frac{1}{2}(a_i^*)^2 = \frac{1}{2}(a_i^*)^2$. So the formula is indeed correct. However, the authors say only 'It can be verified' without indicating the key step (using the FOC to substitute). While this is a standard technique in the network games literature, the non-obvious insight that equilibrium utility takes such a simple quadratic form—independent of $\beta$ and the network structure except through $a_i^*$—arguably warrants at least a brief indication of the derivation method, especially since this result drives subsequent welfare analysis.",logical,34,,,,,,,
pred_6,targeting-interventions-networks,local,Typographical error in variable definition creates circular reference,$b_{i}=\left[\tau-b_{i}\right] / 2$,"Initially I noticed this formula defines b_i in terms of itself, which is mathematically meaningless. Looking at the context, para 37 introduces the base level as $\tilde{b}_i$, and para 40 later correctly writes the status quo as $\hat{b}_i = [\tau - \tilde{b}_i]/2$. The pattern suggests the intended definition should be $b_i = [\tau - \tilde{b}_i]/2$, using the tilde-decorated variable from the original model. This appears to be a typographical error where $\tilde{b}_i$ was accidentally written as $b_i$ on the right-hand side.",technical,40,,,,,,,
pred_7,targeting-interventions-networks,local,Insufficient justification for the change of variables yielding best-response structure,Performing the change of variables $b_{i}=\left[\tau-b_{i}\right] / 2$ and $\beta=-\tilde{\beta} / 2$ (with the status quo equal to $\hat{b}_{i}=\left[\tau-\tilde{b}_{i}\right] / 2$) yields a best-response structure exactly as in condition (2).,"The authors claim this change of variables yields the best-response structure in condition (2), but the derivation is non-trivial and completely omitted. Starting from the utility function in para 38, one must derive the first-order conditions, substitute the expression for $x_i$ from para 37, and then show how the proposed variable transformation maps this to the canonical form. The transformation $\beta = -\tilde{\beta}/2$ with $\tilde{\beta} > 0$ gives $\beta < 0$, which is consistent with strategic substitutes. However, the factor of 1/2 in both transformations and how they interact with the quadratic cost terms requires verification. A reader attempting to reproduce this would need substantial additional work to confirm the claim.",technical,40,no,4,4,4,4,3,The requested derivation is reasonable because the variable transformation is asserted without showing the intermediate first-order condition. The concern is about reproducibility and exposition rather than a demonstrated error.
pred_8,targeting-interventions-networks,local,Aggregate welfare formula stated without derivation,"The aggregate equilibrium utility is $W(\boldsymbol{b}, \boldsymbol{G})=-\left(\boldsymbol{a}^{*}\right)^{\top} \boldsymbol{a}^{*}$.","This welfare expression is stated as a result but not derived. From the utility function in para 38, summing over agents gives $W = \sum_i U_i = -\frac{1}{2}\sum_i (\tau - x_i)^2 - \frac{1}{2}\sum_i a_i^2$. It is not obvious how this simplifies to $-(\boldsymbol{a}^*)^\top \boldsymbol{a}^*$ at equilibrium. This would require using the first-order conditions and the network structure in a specific way. While para 41 notes this satisfies Property A (welfare proportional to sum of squared actions), the specific coefficient of -1 (rather than some other constant) requires justification that isn't provided.",technical,40,,,,,,,
pred_9,targeting-interventions-networks,local,Missing justification for norm equality in correlation formula,=\frac{\underline{y}_{\ell}^{*}}{\sqrt{C}},"The first line defines ρ as the dot product divided by the product of both norms: ||y*|| and ||u^ℓ(G)||. The second line shows only √C in the denominator, which implicitly assumes both ||y*|| = √C and ||u^ℓ(G)|| = 1. While eigenvectors are conventionally normalized to unit length, this is not stated. More importantly, the claim ||y*|| = √C appears to come from a constraint of the form ||y*||² = C or Σ_ℓ (y_ℓ*)² = C, but this constraint is not shown in the provided context. Paragraph 150 shows a constraint involving w²b̂_ℓ² terms, not simply (y_ℓ*)². The derivation skips explaining how the optimization constraint translates to ||y*|| = √C, which is a non-trivial step that readers would need to verify the correlation formula.",technical,151,,,,,,,
pred_10,targeting-interventions-networks,local,Unexplained relationship between b̂_ℓ and correlation with eigenvector,"\frac{\hat{b}_{\ell} x_{\ell}^{*}}{\sqrt{C}}=\frac{\|\hat{\boldsymbol{b}}\|}{\sqrt{C}} \rho\left(\hat{\boldsymbol{b}}, \boldsymbol{u}^{\ell}(\boldsymbol{G})\right) x_{\ell}^{*}","This step claims b̂_ℓ = ||b̂|| · ρ(b̂, u^ℓ(G)). For this to hold, we need b̂_ℓ to be the ℓ-th component of b̂ in the eigenvector basis, AND we need u^ℓ(G) to be a standard basis vector in that representation (so that ρ(b̂, u^ℓ(G)) = b̂_ℓ/||b̂||). The notation suggests b̂_ℓ is an eigenspace coefficient and u^ℓ(G) is the ℓ-th eigenvector of G. If we're working in the eigenbasis, then b̂ · u^ℓ = b̂_ℓ (when u^ℓ is unit), giving ρ(b̂, u^ℓ) = b̂_ℓ/||b̂||, which would make the equality correct. However, this interpretation requires understanding the coordinate system, which is not made explicit in the passage and could confuse readers about what space the correlation is computed in.",logical,151,,,,,,,
pred_11,targeting-interventions-networks,local,"Missing justification for why $\rho(\boldsymbol{y}^{*}, \boldsymbol{u}^{\ell}(\boldsymbol{G})) \rightarrow 0$ when $x_{\ell}^{*}$ converges to a finite limit","This implies that $x_{\ell}^{*} \rightarrow \frac{\alpha_{\ell}}{\alpha_{1}-\alpha_{\ell}}$ for all $\ell \neq 1$. As a result, if $C \rightarrow \infty$, then $\rho\left(\boldsymbol{y}^{*}, \boldsymbol{u}^{\ell}(\boldsymbol{G})\right) \rightarrow$ 0 for all $\ell \neq 1$.","The authors claim that $\rho(\boldsymbol{y}^{*}, \boldsymbol{u}^{\ell}(\boldsymbol{G})) \rightarrow 0$ 'as a result' of $x_{\ell}^{*}$ converging to a finite limit $\frac{\alpha_{\ell}}{\alpha_{1}-\alpha_{\ell}}$. However, from para 155, we have $\rho(\boldsymbol{y}^{*}, \boldsymbol{u}^{\ell}(\boldsymbol{G})) = \frac{\|\hat{\boldsymbol{b}}\|}{\sqrt{C}} \rho(\hat{\boldsymbol{b}}, \boldsymbol{u}^{\ell}(\boldsymbol{G})) x_{\ell}^{*}$. For this to go to zero as $C \rightarrow \infty$, we need the $\frac{1}{\sqrt{C}}$ factor to dominate, which requires that $x_{\ell}^{*}$ remains bounded. This is indeed the case for $\ell \neq 1$ since $x_{\ell}^{*}$ converges to a finite value. But the stated reasoning ('as a result') suggests the conclusion follows directly from the limit of $x_{\ell}^{*}$, when actually it follows from the combination of bounded $x_{\ell}^{*}$ and the $\frac{1}{\sqrt{C}}$ factor. The key step that $\frac{\text{bounded}}{\sqrt{C}} \rightarrow 0$ is skipped, making the derivation appear incomplete.",logical,156,,,,,,,
pred_12,targeting-interventions-networks,local,Inconsistent notation: double-hat on $\hat{\hat{b}}_\ell$ versus single-hat elsewhere,$D=\underline{\hat{b}}_{1}^{2} \alpha_{1} \tilde{x}_{1}\left(\tilde{x}_{1}+2\right)+\sum_{\ell=1}^{n} \alpha_{\ell} \hat{\hat{b}}_{\ell}^{2}$,"Looking at this definition of D, I notice it uses $\hat{\hat{b}}_{\ell}^{2}$ (double-hat) in the summation. However, comparing with para 162, the expression for $W^s$ uses $\hat{\underline{b}}_{\ell}^{2}$ (underline with single hat). The quantity D is explicitly stated to equal $W^s$ based on the context (since $W^s = \underline{\hat{b}}_{1}^{2} \alpha_{1} \tilde{x}_{1}(\tilde{x}_{1}+2)+\sum_{\ell=1}^{n} \alpha_{\ell} \hat{\underline{b}}_{\ell}^{2}$). The double-hat notation $\hat{\hat{b}}$ appears nowhere else in the provided context and seems to be a typographical error for $\underline{\hat{b}}$ or simply $\hat{b}$. This inconsistency could confuse readers trying to follow the proof.",technical,164,,,,,,,
pred_13,targeting-interventions-networks,local,Typo in coefficient expression: $\alpha_2^*$ instead of $\alpha_2$,\leq 1+\frac{2 \alpha_{1}-\alpha_{2}^{*}}{\alpha_{1}} \frac{\|\hat{\boldsymbol{b}}\|^{2}}{C}\left(\frac{\alpha_{2}}{\alpha_{1}-\alpha_{2}}\right)^{2},"Looking at this line, I see $\alpha_2^*$ appearing in the expression $(2\alpha_1 - \alpha_2^*)$. However, checking the supporting calculation in para 167, the derived bound is $(\frac{\alpha_2}{\alpha_1-\alpha_2})^2(2\alpha_1 - \alpha_2)\|\hat{b}\|^2$, which has $\alpha_2$ without any asterisk. The asterisk notation $\alpha_2^*$ is not defined anywhere in the context and appears to be a typographical error. The next line simplifies this to $2\|\hat{b}\|^2/C \cdot (\alpha_2/(\alpha_1-\alpha_2))^2$, which is consistent with using $(2\alpha_1 - \alpha_2)/\alpha_1 \leq 2$, confirming the intended expression should have $\alpha_2$ not $\alpha_2^*$.",technical,165,,,,,,,
pred_14,targeting-interventions-networks,local,Inconsistent notation: $\hat{b}_\ell$ vs $\underline{\hat{b}}_\ell$,\leq 1+\frac{\sum_{\ell=2}^{n} \hat{b}_{\ell}^{2} \alpha_{\ell} x_{\ell}^{*}\left(x_{\ell}^{*}+2\right)}{\hat{b}_{1}^{2} \alpha_{1} \tilde{x}_{1}^{2}},"In the denominator, the passage uses $\hat{b}_1^2$ (without underline), but para 161 defines the simple intervention using $\underline{\hat{b}}_1$ (with underline), stating $\tilde{x}_1 = \sqrt{C}/\underline{\hat{b}}_1$. Para 166 also refers to $\underline{b}_1^2 \tilde{x}_1^2 = C$. The relationship $\hat{b}_1^2 \tilde{x}_1^2 = C$ would only hold if $\hat{b}_1 = \underline{\hat{b}}_1$, but the paper appears to distinguish these notations (underlined vs non-underlined versions appear in different places). If these are meant to be the same quantity, the notation should be consistent; if they differ, the equality used in the derivation may not hold.",technical,165,,,,,,,
pred_15,targeting-interventions-networks,local,First inequality step lacks explicit justification,\leq 1+\frac{\sum_{\ell=2}^{n} \hat{b}_{\ell}^{2} \alpha_{\ell} x_{\ell}^{*}\left(x_{\ell}^{*}+2\right)}{D},"The step from the first line to claiming the first fraction is $\leq 1$ requires showing that $\hat{b}_1^2 \alpha_1 x_1^*(x_1^*+2) + \sum_{\ell=1}^n \alpha_\ell \hat{b}_\ell^2 \leq D = \underline{\hat{b}}_1^2 \alpha_1 \tilde{x}_1(\tilde{x}_1+2) + \sum_{\ell=1}^n \alpha_\ell \underline{\hat{b}}_\ell^2$. This is non-trivial because the optimal intervention $x^*$ and simple intervention $\tilde{x}$ are different policies with potentially different $\hat{b}$ values. The authors don't explain why the numerator is bounded by $D$. This likely follows from optimality properties or budget constraints, but the justification is missing for a key step.",logical,165,,,,,,,
pred_16,targeting-interventions-networks,local,Incorrect simplification in cosine similarity formula,"\rho\left(\Delta \boldsymbol{b}^{*}, \sqrt{C} \boldsymbol{u}^{1}\right)=\frac{\left(\boldsymbol{b}^{*}-\hat{\boldsymbol{b}}\right) \cdot\left(\sqrt{C} \boldsymbol{u}^{1}\right)}{\left\|\boldsymbol{b}^{*}-\hat{\boldsymbol{b}}\right\|\left\|\sqrt{C} \boldsymbol{u}^{1}\right\|}=\frac{\left(\boldsymbol{b}^{*}-\hat{\boldsymbol{b}}\right) \cdot\left(\boldsymbol{u}^{1}\right)}{\sqrt{C}}","The cosine similarity formula appears to have an error in simplification. Starting from the standard definition, the numerator is $(\boldsymbol{b}^{*}-\hat{\boldsymbol{b}}) \cdot (\sqrt{C} \boldsymbol{u}^{1}) = \sqrt{C}(\boldsymbol{b}^{*}-\hat{\boldsymbol{b}}) \cdot \boldsymbol{u}^{1}$. The denominator is $\|\boldsymbol{b}^{*}-\hat{\boldsymbol{b}}\| \cdot \|\sqrt{C} \boldsymbol{u}^{1}\| = \sqrt{C} \cdot \sqrt{C} \cdot 1 = C$, using the stated fact that $\|\boldsymbol{b}^{*}-\hat{\boldsymbol{b}}\|^2 = C$ (so $\|\boldsymbol{b}^{*}-\hat{\boldsymbol{b}}\| = \sqrt{C}$) and that $\boldsymbol{u}^{1}$ is a unit vector. Thus the ratio should be $\frac{\sqrt{C}(\boldsymbol{b}^{*}-\hat{\boldsymbol{b}}) \cdot \boldsymbol{u}^{1}}{C} = \frac{(\boldsymbol{b}^{*}-\hat{\boldsymbol{b}}) \cdot \boldsymbol{u}^{1}}{\sqrt{C}}$. However, cosine similarity is dimensionless and scale-invariant, so the left-hand side should simply equal $(\boldsymbol{b}^{*}-\hat{\boldsymbol{b}}) \cdot \boldsymbol{u}^{1} / \|\boldsymbol{b}^{*}-\hat{\boldsymbol{b}}\| = (\boldsymbol{b}^{*}-\hat{\boldsymbol{b}}) \cdot \boldsymbol{u}^{1} / \sqrt{C}$. While the final expression is numerically correct, this only works because $\boldsymbol{u}^1$ is a unit vector. The issue is that the $\sqrt{C}$ in $\sqrt{C}\boldsymbol{u}^1$ should cancel completely in a proper cosine similarity calculation (since cosine similarity is scale-invariant), making the appearance of $\sqrt{C}$ in the final denominator potentially confusing or suggesting a non-standard interpretation.",technical,171,,,,,,,
pred_17,targeting-interventions-networks,local,Missing factor in intermediate summation step,\sum_{i} \sum_{\ell=1}^{n} u_{i}^{1} u_{i}^{\ell} \frac{w \alpha_{\ell}}{\mu-w \alpha_{\ell}} \hat{\underline{b}}_{\ell},"Looking at para 175, the authors write $b_{i}^{*}-\hat{b}_{i}=w \sum_{\ell=1}^{n} u_{\ell}^{i} \frac{\alpha_{\ell}}{\mu-w \alpha_{\ell}} \hat{b}_{\ell}$, where the sum involves $\hat{b}_{\ell}$ (standard coordinates). However, in para 176, when computing the dot product $(\boldsymbol{b}^{*}-\hat{\boldsymbol{b}}) \cdot \boldsymbol{u}^{1}$, the summation suddenly uses $\hat{\underline{b}}_{\ell}$ (the rotated/eigencoordinate version, as defined in para 174 where $\underline{\boldsymbol{b}}=\boldsymbol{U}^{T} \boldsymbol{b}$). This substitution appears without justification. The derivation seems to conflate $\hat{b}_{\ell}$ with $\hat{\underline{b}}_{\ell}$. While the final answer may be correct if the authors meant to use eigencoordinates throughout, the intermediate step as written is inconsistent with the expression in para 175.",technical,176,,,,,,,
pred_18,targeting-interventions-networks,local,Index notation inconsistency between para 175 and para 176,b_{i}^{*}-\hat{b}_{i}=w \sum_{\ell=1}^{n} u_{\ell}^{i} \frac{\alpha_{\ell}}{\mu-w \alpha_{\ell}} \hat{b}_{\ell},"In para 175, the eigenvector component is written as $u_{\ell}^{i}$ (subscript $\ell$, superscript $i$), but in para 176, the same type of component appears as $u_{i}^{1}$ and $u_{i}^{\ell}$ (subscript $i$, superscript $1$ or $\ell$). The convention seems to be that superscript denotes which eigenvector and subscript denotes which component, so $u_{i}^{\ell}$ means the $i$-th component of eigenvector $\boldsymbol{u}^{\ell}$. Under this reading, para 175 should have $u_{i}^{\ell}$ not $u_{\ell}^{i}$. This notational inconsistency could confuse readers trying to verify the derivation.",technical,175,,,,,,,
pred_19,targeting-interventions-networks,local,Notation inconsistency: $\hat{b}_{1}$ vs $\hat{\underline{b}}_{1}$,"\rho\left(\Delta \boldsymbol{b}^{*}, \boldsymbol{u}^{1}\right)=\frac{1}{\sqrt{C}} \frac{w \alpha_{1}}{\mu-w \alpha_{1}} \hat{b}_{1}","In paragraph 176, the authors correctly derive that $(\boldsymbol{b}^{*}-\hat{\boldsymbol{b}}) \cdot \boldsymbol{u}^{1} = \frac{w \alpha_{1}}{\mu-w \alpha_{1}} \hat{\underline{b}}_{1}$, where $\hat{\underline{b}}_{1}$ denotes the first component of $\underline{\boldsymbol{b}} = \boldsymbol{U}^{T} \boldsymbol{b}$ (i.e., the projection onto the eigenvector basis). However, in paragraph 177, this becomes $\hat{b}_{1}$ without the underline. The notation established in paragraph 174 clearly distinguishes $\boldsymbol{b}$ (original coordinates) from $\underline{\boldsymbol{b}}$ (eigenvector coordinates). Unless $\hat{b}_{1}$ is intended to mean the same as $\hat{\underline{b}}_{1}$, this is a notational inconsistency that could confuse readers about which coordinate system is being used.",technical,177,,,,,,,
pred_20,targeting-interventions-networks,local,Missing absolute value for correlation inequality,"\rho\left(\Delta \boldsymbol{b}^{*}, \boldsymbol{u}^{1}\right)=\frac{1}{\sqrt{C}} \frac{w \alpha_{1}}{\mu-w \alpha_{1}} \hat{b}_{1} \geq \sqrt{1-\epsilon}","The expression $\frac{w \alpha_{1}}{\mu-w \alpha_{1}} \hat{b}_{1}$ could be negative if $\hat{b}_{1} < 0$ (or potentially if $\mu < w\alpha_1$, depending on the optimization setup). A correlation $\rho$ being $\geq \sqrt{1-\epsilon}$ typically requires considering alignment in either direction, so one would expect $|\rho| \geq \sqrt{1-\epsilon}$ or the authors should ensure positivity. The 'iff' equivalence on the right-hand side involves a squared term, which handles signs correctly, but the left-hand inequality as written presumes the expression is non-negative. This could be intentional if the authors' setup guarantees $\hat{b}_1 > 0$, but this assumption is not stated in the provided context.",technical,177,,,,,,,
pred_21,targeting-interventions-networks,local,Unexplained equality relating C to the sum involving binding budget constraint,=\left(\frac{w \alpha_{1}}{\mu-w \alpha_{1}}\right)^{2} \hat{b}_{1}^{2}-\sum_{\ell=1}^{n}\left(\frac{w \alpha_{\ell}}{\mu-w \alpha_{\ell}}\right)^{2} \hat{b}_{\ell}^{2}+\|\hat{\boldsymbol{b}}\|^{2}\left(\frac{\alpha_{2}}{\alpha_{1}-\alpha_{2}}\right)^{2},"The authors substitute C with the sum $\sum_{\ell=1}^{n}\left(\frac{w \alpha_{\ell}}{\mu-w \alpha_{\ell}}\right)^{2} \hat{b}_{\ell}^{2}$, claiming this follows from 'the condition on the binding budget constraint at the optimum' from Theorem 1. However, this substitution is non-trivial and the specific form of the binding budget constraint that yields this exact equality is not shown in the provided context. A reader cannot verify this step without seeing Theorem 1. The derivation would benefit from either showing the relevant equation from Theorem 1 or providing a brief explanation of how the budget constraint implies $C = \sum_{\ell=1}^{n}\left(\frac{w \alpha_{\ell}}{\mu-w \alpha_{\ell}}\right)^{2} \hat{b}_{\ell}^{2}$.",technical,184,no,1,5,2,2,2,"The equality is already supplied by the binding-budget equation from Theorem 1, which the proof explicitly references. The criticism mainly reflects missing local context rather than a defect in the paper."
pred_22,targeting-interventions-networks,local,Unclear notation change from $\|\hat{\boldsymbol{b}}\|^{2}$ to $\|\underline{\hat{\boldsymbol{b}}}\|^{2}$,The next equality follows by noticing that $\|\hat{\boldsymbol{b}}\|^{2}=\|\underline{\hat{\boldsymbol{b}}}\|^{2}$.,"In para 185, the explanation states that $\|\hat{\boldsymbol{b}}\|^{2}=\|\underline{\hat{\boldsymbol{b}}}\|^{2}$, but the notation $\underline{\hat{\boldsymbol{b}}}$ does not appear anywhere in the passage being checked or the surrounding context. The actual equality being justified in the chain is expanding $\|\hat{\boldsymbol{b}}\|^{2}$ as $\sum_{\ell=1}^{n} \hat{b}_{\ell}^{2}$, which is a standard definition of the squared norm. The reference to $\underline{\hat{\boldsymbol{b}}}$ appears to be either a typo or references notation defined elsewhere that may confuse readers who don't have access to that definition.",logical,185,,,,,,,
pred_23,targeting-interventions-networks,local,Ambiguity in the interpretation of optimal intervention outcome,the optimal intervention in that case is to modify the endowment of each individual so that everyone accesses the optimal level of the local public good without investing,"The footnote states that when $C \geq\|\hat{\boldsymbol{b}}\|$ and $w=-1$, we have $b_i^* = 0$. Using the change of variables $b_i = [\tau - \tilde{b}_i]/2$, this implies $\tilde{b}_i = \tau$ for all $i$. The claim is that this means 'everyone accesses the optimal level of the local public good without investing.' However, the passage does not clarify what 'without investing' means in this context—does it mean agents choose zero action ($a_i = 0$), or that no policy intervention is needed beyond setting endowments? If $b_i^* = 0$ refers to the intervention variable being zero, this seems to contradict the statement that endowments are being modified. Without seeing Example 2's full setup, a careful reader could be confused about whether $b_i^* = 0$ means no intervention is applied or whether it means the transformed intervention variable equals zero while actual endowment modifications occur. The interpretation hinges on the precise definitions in Example 2, which are not provided in context, but the phrasing could mislead readers about what $b_i^* = 0$ actually implies for policy.",logical,202,no,2,4,2,2,2,"The comment is based partly on treating b_i as if it were the intervention itself. In the paper b_i is the transformed standalone-return variable, so b_i*=0 can correspond to changing the underlying endowment to tau and inducing zero effort."
pred_24,targeting-interventions-networks,local,Unverified monotonicity claim for ratio of consecutive principal component weights,"It can be verified that, for every $\ell \in\{1, \ldots, n-1\}$, the ratio $x_{\ell} / x_{\ell+1}$ is increasing (decreasing) in $\beta$ for the case of strategic complements (substitutes)","The authors claim a monotonicity result about how the ratio of consecutive principal component weights changes with β. However, the passage provides no definition of what x_ℓ represents (presumably weights on principal components from optimization), and the claim is stated as 'can be verified' without proof or reference. The result is non-trivial: it requires showing that for ALL consecutive pairs ℓ and ℓ+1, the ratio behaves monotonically in β, which depends on the specific structure of how eigenvalues enter the optimal solution. While footnote 14 mentions that βΛ has entries less than 1 (from Assumption 2), this alone doesn't establish the claimed monotonicity. The claim may well be true, but given that this is a footnote making a mathematical assertion affecting interpretation of the main results, the justification is insufficient for a reader to verify the claim without substantial additional work.",technical,203,,,,,,,
pred_25,targeting-interventions-networks,local,Claim about ratio behavior appears to conflate two different quantities,we have that $\frac{w \alpha_{\ell}}{\mu-w \alpha_{\ell}}$ and $r_{\ell}^{*} / r_{\ell^{\prime}}^{*}$ are both decreasing in $C$,"The footnote claims two quantities are 'both decreasing in C'. However, the expression $\frac{w \alpha_{\ell}}{\mu-w \alpha_{\ell}}$ does not obviously depend on $C$ at all—it appears to be a function of model parameters ($w$, $\alpha_\ell$, $\mu$) but not the budget constraint $C$. This raises a concern: either (1) $\mu$ implicitly depends on $C$ in a way not stated here, (2) the authors meant a different expression that does depend on $C$, or (3) there is an error in the claim. The parallel footnote 16 in para 203 discusses how the ratio $x_\ell/x_{\ell+1}$ changes with $\beta$, which is a different type of comparative static. Without seeing the main text this footnote refers to, it's difficult to fully resolve, but as written, claiming a $C$-independent expression is 'decreasing in $C$' is technically incorrect or at minimum requires clarification about which parameters depend on the budget.",technical,204,,,,,,,
pred_26,targeting-interventions-networks,local,Inconsistent vector reference in decomposition claim,Recall that $\left\|\frac{1}{n} \hat{\boldsymbol{b}}\right\|^{2}$ is equal to the sum of $\left(\frac{1}{n} \sum_{i \in \mathcal{N}} \hat{b}_{i}\right)^{2}$ (the squared mean of the entries of $\boldsymbol{b}$ ) and the sum of squared deviations of the entries of the vector $\hat{\boldsymbol{b}}$ from their mean.,"The passage describes the squared mean as being 'of the entries of $\boldsymbol{b}$' but the formula clearly involves $\hat{b}_i$ (with hat). The rest of the passage correctly uses $\hat{\boldsymbol{b}}$, so this appears to be a typo where $\boldsymbol{b}$ should read $\hat{\boldsymbol{b}}$. This inconsistency could confuse readers about which vector is being discussed, especially since $\boldsymbol{b}$ and $\hat{\boldsymbol{b}}$ likely have distinct meanings in this paper.",technical,207,,,,,,,
pred_27,targeting-interventions-networks,local,Incorrect formula for squared norm decomposition,Recall that $\left\|\frac{1}{n} \hat{\boldsymbol{b}}\right\|^{2}$ is equal to the sum of $\left(\frac{1}{n} \sum_{i \in \mathcal{N}} \hat{b}_{i}\right)^{2}$ (the squared mean of the entries of $\boldsymbol{b}$ ) and the sum of squared deviations of the entries of the vector $\hat{\boldsymbol{b}}$ from their mean.,"The claimed identity appears mathematically incorrect. We have $\|\frac{1}{n}\hat{\boldsymbol{b}}\|^2 = \frac{1}{n^2}\sum_i \hat{b}_i^2$. The standard variance decomposition states $\sum_i \hat{b}_i^2 = n\bar{b}^2 + \sum_i(\hat{b}_i - \bar{b})^2$ where $\bar{b} = \frac{1}{n}\sum_i \hat{b}_i$. Thus $\|\frac{1}{n}\hat{\boldsymbol{b}}\|^2 = \frac{1}{n}\bar{b}^2 + \frac{1}{n^2}\sum_i(\hat{b}_i - \bar{b})^2$. The first term equals $\frac{1}{n}(\frac{1}{n}\sum_i \hat{b}_i)^2$, not $(\frac{1}{n}\sum_i \hat{b}_i)^2$, and the second term has a $\frac{1}{n^2}$ factor. The identity as stated would require different scaling. Perhaps the authors intended to state something about $\|\hat{\boldsymbol{b}}\|^2$ or $\frac{1}{n}\|\hat{\boldsymbol{b}}\|^2$ instead.",technical,207,,,,,,,
pred_28,targeting-interventions-networks,local,Variance-covariance matrix formula may need clarification on centering,"When we look at the variance-covariance matrix of $\tilde{\boldsymbol{b}}$ defined by $\tilde{\boldsymbol{b}}-\overline{\boldsymbol{b}}=\boldsymbol{O}(\boldsymbol{b}-\overline{\boldsymbol{b}})$, the variance-covariance matrix becomes $\boldsymbol{O} \boldsymbol{\Sigma} \boldsymbol{O}^{\top}$","Initially, I was concerned about the notation here. The authors define the transformation as $\tilde{\boldsymbol{b}}-\overline{\boldsymbol{b}}=\boldsymbol{O}(\boldsymbol{b}-\overline{\boldsymbol{b}})$, which implies $\tilde{\boldsymbol{b}} = \overline{\boldsymbol{b}} + \boldsymbol{O}(\boldsymbol{b}-\overline{\boldsymbol{b}})$. If $\boldsymbol{\Sigma}$ is the variance-covariance matrix of $\boldsymbol{b}$, then the variance-covariance matrix of $\tilde{\boldsymbol{b}}$ would indeed be $\boldsymbol{O}\boldsymbol{\Sigma}\boldsymbol{O}^{\top}$ since adding a constant $\overline{\boldsymbol{b}}$ doesn't affect covariance. The claim that $\boldsymbol{O}\boldsymbol{\Sigma}\boldsymbol{O}^{\top}$ has the same eigenvalues as $\boldsymbol{\Sigma}$ is correct if $\boldsymbol{O}$ is orthogonal (since similar matrices have the same eigenvalues, and $\boldsymbol{O}\boldsymbol{\Sigma}\boldsymbol{O}^{\top}$ is similar to $\boldsymbol{\Sigma}$ via the orthogonal transformation). However, the passage doesn't explicitly state that $\boldsymbol{O}$ is an orthogonal matrix, which is essential for this conclusion. A reader unfamiliar with the notation conventions might not know this assumption is being made.",logical,211,,,,,,,
pred_29,targeting-interventions-networks,local,Incomplete characterization of Assumption 3 negation,"if Assumption 3 does not hold (i.e., $w<0$ and $\sum_{\ell=1}^{n} \hat{\underline{b}}_\ell^{2} \leq C$ )","The footnote states that Assumption 3 not holding is equivalent to '$w<0$ and $\sum_{\ell=1}^{n} \hat{\underline{b}}_\ell^{2} \leq C$'. However, the logical negation of a condition typically involves more cases. If Assumption 3 were stated as '$w \geq 0$ or $\sum_{\ell=1}^{n} \hat{\underline{b}}_\ell^{2} > C$', then its negation would indeed be '$w < 0$ and $\sum_{\ell=1}^{n} \hat{\underline{b}}_\ell^{2} \leq C$'. Without seeing Assumption 3 explicitly, I cannot verify this is correct, but the phrasing 'i.e.' suggests an equivalence that may be incomplete or may mischaracterize what Assumption 3 actually states. Additionally, the claim that $x_\ell^* = -1$ for all $\ell$ is optimal in this case is stated without justification—it's not immediately obvious why this corner solution would be optimal when the assumption fails, as opposed to some other boundary or interior solution.",logical,214,,,,,,,
pred_0,targeting-interventions-networks,progressive,Typo in change of variables for local public goods example,Performing the change of variables $b_{i}=\left[\tau-b_{i}\right] / 2$,"The change of variables formula uses $b_i$ on both sides of the equation, which is mathematically ill-defined. Based on the context, where $\tilde{b}_i$ is the base level of public good in the original formulation, the intended transformation should be $b_i = [\tau - \tilde{b}_i]/2$. This is consistent with the immediately following statement that the status quo is $\hat{b}_i = [\tau - \tilde{b}_i]/2$. The authors clearly intend to transform from the original parameter $\tilde{b}_i$ to the new parameter $b_i$, but the formula as written contains a notational error.",technical,40,no,5,5,5,5,2,"Correctly identifies the variable-substitution typo, pinpoints the intended tilde-b term from context, and gives the exact correction."
pred_1,targeting-interventions-networks,progressive,Missing normalization term in cosine similarity definition,"DEFINITION 1: The cosine similarity of two nonzero vectors $\boldsymbol{y}$ and $\boldsymbol{z}$ is $\rho(\boldsymbol{y}, \boldsymbol{z})=\frac{\boldsymbol{y} \cdot \boldsymbol{z}}{\|\boldsymbol{y}\|}$.","The standard definition of cosine similarity is the dot product divided by the product of both norms: $\rho(\boldsymbol{y}, \boldsymbol{z}) = \frac{\boldsymbol{y} \cdot \boldsymbol{z}}{\|\boldsymbol{y}\| \|\boldsymbol{z}\|}$. The definition given only divides by $\|\boldsymbol{y}\|$, missing $\|\boldsymbol{z}\|$ in the denominator. While the authors apply this to unit eigenvectors where $\|\boldsymbol{z}\| = 1$, the definition as stated is incomplete—it only works correctly when the second argument is a unit vector, which should be noted explicitly.",technical,59,no,5,5,5,5,3,Correctly identifies the missing norm in the cosine-similarity definition and appropriately notes that later unit-eigenvector usage can mask the problem.
pred_2,targeting-interventions-networks,progressive,Eigenvector stated as maximizer instead of minimizer for bottom eigenvalues,"Moreover, the eigenvector $\boldsymbol{u}^{n}$ is a maximizer of the first problem, while $\boldsymbol{u}^{n-1}$ is a maximizer of the second","The text states that $\lambda_n$ and $\lambda_{n-1}$ are defined as minimization problems (using 'min'), but then claims that $\boldsymbol{u}^n$ and $\boldsymbol{u}^{n-1}$ are 'maximizers' of these problems. This is a direct contradiction. If $\lambda_n = \min_{\boldsymbol{u}:\|\boldsymbol{u}\|=1} \sum_{i,j} g_{ij} u_i u_j$, then $\boldsymbol{u}^n$ should be a minimizer, not a maximizer. This appears to be a copy-paste error where 'maximizer' was not changed to 'minimizer' when adapting the text.",technical,104,yes,5,5,5,5,2,Matches the Refine maximizer-versus-minimizer issue and identifies the exact contradiction between the minimization problems and the following wording.
pred_3,targeting-interventions-networks,progressive,Missing index in cost function formula,"K(\mathcal{B})= \begin{cases}\phi\left(\sum_{\in \mathcal{N}} \sigma_{i i}^{\mathcal{B}}\right) & \text { if } \mathbb{E}[\boldsymbol{b}]=\overline{\boldsymbol{b}}, \\ \infty & \text { otherwise } .\end{cases}",The summation is written as $\sum_{\in \mathcal{N}}$ which is missing the index variable. It should read $\sum_{i \in \mathcal{N}}$ to be consistent with the notation used throughout the paper and to properly define the sum over individual variances $\sigma_{ii}^{\mathcal{B}}$. This appears to be a typographical error where the index 'i' was dropped.,technical,122,,,,,,,
pred_4,targeting-interventions-networks,progressive,Missing squared factor in Lagrangian term,$\mathcal{L}=w \sum_{\ell=1}^{n} \alpha_{\ell}\left(1+x_{\ell}\right)^{2} \underline{\hat{b}}_{\ell}+\mu\left[C-\sum_{\ell=1}^{n} \hat{b}_{\ell}^{2} x_{\ell}^{2}\right]$,"In the objective function of the optimization problem (IT-PC) shown just above, the term is $\alpha_{\ell}(1+x_{\ell})^{2} \underline{\hat{b}}_{\ell}^{2}$ with $\underline{\hat{b}}_{\ell}$ squared. However, in the Lagrangian, the first sum has $\underline{\hat{b}}_{\ell}$ without the square. This appears to be a typographical error. The subsequent first-order condition correctly shows $2 \hat{b}_{\ell}^{2}[...]$ which is consistent with the squared version, suggesting the Lagrangian should have $\underline{\hat{b}}_{\ell}^{2}$.",technical,145,,,,,,,
pred_5,targeting-interventions-networks,progressive,Inconsistent notation between underlined and non-underlined b in constraint,$\sum_{\ell=1}^{n} \hat{\underline{b}}_{\ell}^{2} x_{\ell}^{2} \leq C$,"The optimization problem uses $\underline{\hat{b}}_{\ell}^{2}$ (with underline indicating projection onto principal components) in the constraint, but the Lagrangian and FOC use $\hat{b}_{\ell}^{2}$ without the underline. According to the paper's notation, $\underline{\boldsymbol{z}} = \boldsymbol{U}^\top \boldsymbol{z}$ denotes the projection, so $\underline{\hat{b}}_{\ell}$ and $\hat{b}_{\ell}$ are different quantities. The FOC should use $\underline{\hat{b}}_{\ell}^{2}$ to be consistent with the stated problem.",technical,150,,,,,,,
pred_6,targeting-interventions-networks,progressive,Typo in equilibrium condition: matrix β instead of scalar,"By recalling that, in equilibrium, $\underline{\boldsymbol{a}}^{*}=[\boldsymbol{I}-\boldsymbol{\beta} \boldsymbol{\Lambda}]^{-1} \underline{\boldsymbol{b}}$","The paper consistently defines $\beta$ as a scalar parameter capturing strategic interdependencies. However, here it is written in bold as $\boldsymbol{\beta}$, suggesting a matrix or vector. The correct expression should be $[\boldsymbol{I}-\beta \boldsymbol{\Lambda}]^{-1}$ with scalar $\beta$, as written elsewhere in the paper.",technical,138,no,5,5,5,5,2,Correctly identifies that beta is a scalar but is typeset in bold in this equation. The correction is exact and low-impact.
pred_7,targeting-interventions-networks,progressive,Summation notation error with superscript,$\max _{x} w \sum \ell=1^{n} \alpha_{\ell}\left(1+x_{\ell}\right)^{2} \underline{\hat{b}}_{\ell}^{2}$,The summation is written as '$\sum \ell=1^{n}$' which appears to be a rendering error. It should be '$\sum_{\ell=1}^{n}$' with the index as a subscript.,technical,141,no,4,5,4,5,1,"Precisely identifies malformed summation notation and gives the intended form. Because the issue may partly reflect rendering or extraction rather than substantive mathematics, correctness is slightly qualified and substantiveness is low."
pred_8,targeting-interventions-networks,progressive,Typographical error in factor within inequality chain,$\leq 1+\frac{2 \alpha_{1}-\alpha_{2}^{*}}{\alpha_{1}} \frac{\|\hat{\boldsymbol{b}}\|^{2}}{C}\left(\frac{\alpha_{2}}{\alpha_{1}-\alpha_{2}}\right)^{2}$,"The term $\alpha_2^*$ appears in the numerator, but there is no definition of $\alpha_2^*$ anywhere in the paper. Looking at the subsequent line which shows $2\alpha_1 - \alpha_2$ (without the asterisk), it appears $\alpha_2^*$ should simply be $\alpha_2$. This is likely a typographical error.",technical,179,no,5,5,5,5,2,Correctly identifies the undefined alpha_2^* term and uses the following line to infer the intended alpha_2. The fix is precise but minor.
pred_9,targeting-interventions-networks,progressive,Index notation error in intermediate expression,$b_{i}^{*}-\hat{b}_{i}=w \sum_{\ell=1}^{n} u_{\ell}^{i} \frac{\alpha_{\ell}}{\mu-w \alpha_{\ell}} \hat{b}_{\ell}$,"Based on the paper's notation where $u_i^\ell$ denotes the $i$th entry of the $\ell$th eigenvector, the notation $u_\ell^i$ reverses the convention. Additionally, the expression uses $\hat{b}_\ell$ instead of $\underline{\hat{b}}_\ell$ for the principal component projections. The correct expression should use $u_i^\ell$ and $\underline{\hat{b}}_\ell$ for consistent notation.",technical,175,,,,,,,
pred_0,targeting-interventions-networks,progressive_full,Imprecise claim about first principal component and eigenvector centrality,"In games of strategic complements, the optimal intervention is, after a suitable normalization, most similar to the first principal component-the vector of individual' eigenvector centralities in the","The authors claim the first principal component equals 'the vector of individuals' eigenvector centralities.' However, eigenvector centrality is typically defined using the Perron-Frobenius eigenvector of a non-negative matrix, which corresponds to the leading eigenvector. While for non-negative adjacency matrices G, the first eigenvector u^1 (corresponding to the largest eigenvalue λ_1) is indeed the eigenvector centrality vector, the paper's framework allows for general symmetric matrices G with potentially negative eigenvalues. The identification of the first principal component with eigenvector centrality is correct only under additional assumptions (e.g., G being non-negative and irreducible). The authors don't clarify these conditions in this introductory passage, which could mislead readers about the generality of this correspondence. This is a minor imprecision in the introduction, but given the technical nature of the paper, it warrants noting.",logical,8,,,,,,,
pred_1,targeting-interventions-networks,progressive_full,Ambiguity in 'most similar' without specifying the similarity measure,"the optimal intervention is, after a suitable normalization, most similar to the first principal component","The authors use the phrase 'most similar to' without defining a similarity measure at this point in the paper. While later sections (particularly Section 3) will formalize this in terms of projections onto principal components, a careful reader of just the introduction might wonder whether 'similarity' refers to cosine similarity, Euclidean distance, inner product magnitude, or some other metric. The phrase 'after a suitable normalization' adds further ambiguity. However, since this is an introductory summary and the formal treatment comes later, this is likely intentional simplification. The concern is that 'most similar' is doing a lot of work here without precise meaning, but context from Section 3 should resolve this.",logical,8,,,,,,,
pred_2,targeting-interventions-networks,progressive_full,Incomplete sentence fragment at end of passage,"It can be verified that the equilibrium utilities, $U_{i}\left(\boldsymbol{a}^{*}, \boldsymbol{G}\right)$, and the utilitarian social welfare at equilibrium, $W(\boldsymbol{b}, \boldsymbol{G})$, are as follows:","The passage ends with 'are as follows:' but the actual expressions for equilibrium utilities and welfare are cut off. However, checking the paper summary and section 2 context, I can see these formulas are provided elsewhere (equations showing $U_i(a^*, G) = \frac{1}{2}(a_i^*)^2$ and $W(b,G) = \frac{1}{2}(a^*)^\top a^*$). This appears to be simply a passage boundary issue rather than missing content in the actual paper, so this is not a genuine error.",logical,33,no,1,4,2,1,1,The comment precisely locates the passage but explicitly concludes that the apparent problem is only a passage-boundary artifact and is not a genuine error. It should have been filtered out.
pred_3,targeting-interventions-networks,progressive_full,Typo in change of variables for local public goods example,Performing the change of variables $b_{i}=\left[\tau-b_{i}\right] / 2$,"The change of variables formula uses $b_i$ on both sides of the equation, which is mathematically ill-defined. Based on the context, where $\tilde{b}_i$ is the base level of public good in the original formulation, the intended transformation should be $b_i = [\tau - \tilde{b}_i]/2$. This is consistent with the immediately following statement that the status quo is $\hat{b}_i = [\tau - \tilde{b}_i]/2$. The authors clearly intend to transform from the original parameter $\tilde{b}_i$ to the new parameter $b_i$, but the formula as written contains a notational error.",technical,40,,,,,,,
pred_4,targeting-interventions-networks,progressive_full,Missing first eigenvector in Figure 1,"Figure 1.-(Top) Eigenvectors 2, 4, 6. (Bottom) Eigenvectors 10, 12, 14.","The paper extensively discusses the importance of the first principal component (eigenvector $\boldsymbol{u}^1$) for strategic complements, including its interpretation as eigenvector centrality. The figure illustrates eigenvectors 2, 4, 6, 10, 12, 14 but omits eigenvector 1. While this may be a deliberate choice (perhaps because $\boldsymbol{u}^1$ for a circle is uniform), the text states this figure illustrates 'some eigenvectors' and the accompanying discussion mentions that 'top eigenvectors (with smaller values of $\ell$)' have similar entries among neighbors. Including $\boldsymbol{u}^1$ would better support this narrative. This is a minor pedagogical concern rather than an error, but worth noting given the emphasis on the first principal component throughout the paper.",logical,49,,,,,,,
pred_5,targeting-interventions-networks,progressive_full,Missing normalization term in cosine similarity definition,"DEFINITION 1: The cosine similarity of two nonzero vectors $\boldsymbol{y}$ and $\boldsymbol{z}$ is $\rho(\boldsymbol{y}, \boldsymbol{z})=\frac{\boldsymbol{y} \cdot \boldsymbol{z}}{\|\boldsymbol{y}\|}$.","The standard definition of cosine similarity is the dot product divided by the product of both norms: $\rho(\boldsymbol{y}, \boldsymbol{z}) = \frac{\boldsymbol{y} \cdot \boldsymbol{z}}{\|\boldsymbol{y}\| \|\boldsymbol{z}\|}$. The definition given only divides by $\|\boldsymbol{y}\|$, missing $\|\boldsymbol{z}\|$ in the denominator. However, examining the context, the authors apply this to $\rho(\boldsymbol{y}^*, \boldsymbol{u}^\ell(\boldsymbol{G}))$ where $\boldsymbol{u}^\ell$ is normalized to have $\|\boldsymbol{u}^\ell\| = 1$ (stated in Fact 1). So when $\boldsymbol{z}$ is always a unit eigenvector, the formula gives the correct value. But the definition as stated is incomplete or non-standard—it only works correctly when the second argument is a unit vector, which should be noted explicitly.",technical,59,,,,,,,
pred_6,targeting-interventions-networks,progressive_full,Sign error in equilibrium action formula,$\underline{a}_{\ell}^{*}=\sqrt{\alpha_{\ell}} \underline{b}_{\ell}$,"The paper defines $\alpha_\ell = \frac{1}{(1-\beta\lambda_\ell)^2}$, so $\sqrt{\alpha_\ell} = \frac{1}{|1-\beta\lambda_\ell|}$. However, from equation (4), we have $\underline{a}_\ell^* = \frac{1}{1-\beta\lambda_\ell} \underline{b}_\ell$. Under Assumption 2, $1-\beta\lambda_\ell > 0$ for all $\ell$, so $\frac{1}{1-\beta\lambda_\ell} = \sqrt{\alpha_\ell}$. This actually checks out correctly when $1-\beta\lambda_\ell > 0$. However, the claim is stated as an identity involving $\sqrt{\alpha_\ell}$ which equals $|1-\beta\lambda_\ell|^{-1}$, not $(1-\beta\lambda_\ell)^{-1}$ in general. The text does note that under Assumption 2 we have $1-\beta\lambda_\ell > 0$, which makes this valid, but this is stated after equation (4) in the passage, not immediately before the claim with $\sqrt{\alpha_\ell}$. The claim is correct given the assumption but the parenthetical reference '(see equation (4))' doesn't make this connection explicit.",technical,64,no,1,5,2,1,1,The comment works through the sign issue but its own reasoning establishes that the formula is correct under Assumption 2. The supposed error is therefore not genuine and should have been filtered out.
pred_7,targeting-interventions-networks,progressive_full,Ambiguous sign convention for similarity ratio in strategic substitutes case,"It follows that the similarity ratio is greater, in absolute value, for the principal components $\ell$ with greater $\alpha_{\ell}$.","The text states that the similarity ratio is greater 'in absolute value' for components with greater α_ℓ. However, Corollary 1 then states that |r*_ℓ| is decreasing in ℓ for complements and increasing in ℓ for substitutes. Since α_ℓ = 1/(1-βλ_ℓ)² and eigenvalues are ordered λ_1 ≥ ... ≥ λ_n, for β > 0 (complements), larger ℓ means smaller λ_ℓ, hence smaller 1-βλ_ℓ denominator... wait, this means larger α_ℓ for larger ℓ when β > 0, which would contradict |r*_ℓ| decreasing in ℓ. Let me reconsider: for β > 0, 1-βλ_1 is smallest (since λ_1 is largest), so α_1 is largest. Thus α_ℓ is decreasing in ℓ for complements, which aligns with |r*_ℓ| decreasing. For β < 0, 1-βλ_n is smallest (since λ_n is most negative, -βλ_n is largest positive), so α_n is largest and α_ℓ is increasing in ℓ. This matches Corollary 1. The statement is correct, but the phrase 'greater α_ℓ' without specifying how α_ℓ varies with ℓ and β could be clearer for readers trying to verify the logic.",logical,78,no,2,4,2,2,1,"The comment initially derives a contradiction, then corrects its own reasoning and concludes that the paper's statement is consistent. The remaining request for clarity is weak relative to the lengthy self-correction."
pred_8,targeting-interventions-networks,progressive_full,Limit of shadow price for large C stated without derivation,"Turning now to the case where $C$ grows large, the shadow price converges to $w \alpha_{1}$ if $\beta>0$, and to $w \alpha_{n}$ if $\beta<0$ (by equation (6)).","The text claims that as C → ∞, μ → wα_1 for complements and μ → wα_n for substitutes, citing equation (6). However, equation (6) in the summary shows the optimal relative change x*_ℓ = wα_ℓ/(μ - wα_ℓ), which requires μ > wα_ℓ for this to be well-defined and positive (when w > 0). As C → ∞, the constraint becomes slack, so μ → 0 would be the naive expectation for an unconstrained problem. The claim that μ approaches wα_1 (or wα_n) suggests μ approaches from above, making x*_1 → ∞ while other components remain bounded. This is plausible but the mechanism isn't shown. The reader must accept this on faith or consult the appendix. While this may be justified elsewhere, the passage presents it as following directly from equation (6) without explaining how.",technical,84,,,,,,,
pred_9,targeting-interventions-networks,progressive_full,Asymptotic direction of y* stated without addressing sign ambiguity,"we find that in the case of strategic complements, the optimal intervention shifts individuals' standalone marginal returns (very nearly) in proportion to the first principal component of $\boldsymbol{G}$, so that $\boldsymbol{y}^{*} \rightarrow \sqrt{C} \boldsymbol{u}^{1}(\boldsymbol{G})$.","The eigenvector u^1 is only determined up to sign (as noted in Fact 1: 'any column of U is determined only up to multiplication by -1'). The claim that y* → √C u^1(G) implicitly assumes a particular sign choice for u^1. Proposition 1 part 2a correctly states only that ρ(y*, u^1) → 1, which is sign-independent. The follow-up prose converts this to an equality y* → √C u^1, which requires either a sign convention or should include ± or state 'up to sign.' A similar issue applies to the substitutes case with u^n. This could mislead readers about whether the direction is uniquely determined.",logical,84,,,,,,,
pred_10,targeting-interventions-networks,progressive_full,Eigenvector stated as maximizer instead of minimizer for bottom eigenvalues,"Moreover, the eigenvector $\boldsymbol{u}^{n}$ is a maximizer of the first problem, while $\boldsymbol{u}^{n-1}$ is a maximizer of the second","The text states that $\lambda_n$ and $\lambda_{n-1}$ are defined as minimization problems (using 'min'), but then claims that $\boldsymbol{u}^n$ and $\boldsymbol{u}^{n-1}$ are 'maximizers' of these problems. This is a direct contradiction. If $\lambda_n = \min_{\boldsymbol{u}:\|\boldsymbol{u}\|=1} \sum_{i,j} g_{ij} u_i u_j$, then $\boldsymbol{u}^n$ should be a minimizer, not a maximizer. By contrast, the earlier analogous statement for $\lambda_1$ and $\lambda_2$ correctly says the eigenvectors are 'maximizers' of the corresponding maximization problems. This appears to be a copy-paste error where 'maximizer' was not changed to 'minimizer' when adapting the text.",technical,104,,,,,,,
pred_11,targeting-interventions-networks,progressive_full,Potential sign inconsistency in cost function specification,K\left(\mathcal{B}_{y}\right)=\sum_{i \in \mathcal{N}} y_{i}^{2},"I initially verified this against the earlier definition of the cost function in the IT problem, which states K(b, b̂) = Σ(b_i - b̂_i)² ≤ C. Since y = b - b̂, this equation K(B_y) = Σy_i² is indeed consistent with the deterministic case. The authors correctly note this consistency in the text following the assumption: 'in the deterministic setting (see (IT)), this formula held with y = b − b̂.' This is not an error.",technical,115,,,,,,,
pred_12,targeting-interventions-networks,progressive_full,Missing index in cost function formula,"K(\mathcal{B})= \begin{cases}\phi\left(\sum_{\in \mathcal{N}} \sigma_{i i}^{\mathcal{B}}\right) & \text { if } \mathbb{E}[\boldsymbol{b}]=\overline{\boldsymbol{b}}, \\ \infty & \text { otherwise } .\end{cases}",The summation is written as Σ_{∈ N} which is missing the index variable. It should read Σ_{i ∈ N} to be consistent with the notation used throughout the paper and to properly define the sum over individual variances σ_{ii}^B. This appears to be a typographical error where the index 'i' was dropped.,technical,122,,,,,,,
pred_13,targeting-interventions-networks,progressive_full,Expansion of expected welfare formula requires verification,\mathbb{E}[W(\boldsymbol{b} ; \boldsymbol{G})]=w \mathbb{E}\left[\left(\boldsymbol{a}^{*}\right)^{\top} \boldsymbol{a}^{*}\right]=w \mathbb{E}\left[\left(\underline{\boldsymbol{a}}^{\top}\right)^{*}\left(\underline{\boldsymbol{a}}^{*}\right)\right]=w \sum_{\ell=1}^{n} \alpha_{\ell}\left(\mathbb{E}\left[\underline{\boldsymbol{b}}_{\ell}\right]^{2}+\operatorname{Var}\left[\underline{\boldsymbol{b}}_{\ell}\right]\right),"I checked this derivation carefully. From equation (4), we have a*_ℓ = (1/(1-βλ_ℓ))b_ℓ, so (a*_ℓ)² = α_ℓ(b_ℓ)². Taking expectations: E[(a*_ℓ)²] = α_ℓ E[(b_ℓ)²] = α_ℓ(E[b_ℓ]² + Var[b_ℓ]), using the standard identity E[X²] = E[X]² + Var[X]. The notation (a̲^⊤)* in the middle step is slightly awkward (the asterisk positioning), but mathematically the derivation is correct. The final result follows from summing over components since U is orthogonal and preserves inner products.",technical,112,,,,,,,
pred_14,targeting-interventions-networks,progressive_full,Potential sign ambiguity in variance ordering for strategic substitutes with w < 0,"Suppose the planner dislikes variance (i.e., $w<0$ ). If the game has strategic complements ( $\beta>0$ ), then $\operatorname{Var}\left(\boldsymbol{u}^{\ell}(\boldsymbol{G}) \cdot \boldsymbol{b}^{*}\right)$ is weakly increasing in $\ell$; if the game has strategic substitutes ( $\beta<0$ ), then $\operatorname{Var}\left(\boldsymbol{u}^{\ell}(\boldsymbol{G}) \cdot \boldsymbol{b}^{*}\right)$ is weakly decreasing in $\ell$.","I initially checked whether this result is consistent with the intuition provided. The intuition explains that under strategic complements, shocks correlated with u^1 are most amplified, so a planner who dislikes variance would reduce variance in that component. This suggests Var(u^1 · b*) should be smallest, meaning variance increasing in ℓ — which matches part 2 for complements. For strategic substitutes, the intuition says shocks correlated with u^n (the last eigenvector) create the most variance in actions. A planner who dislikes variance would then want to reduce variance in that component, making Var(u^n · b*) smallest. This would suggest variance should be weakly increasing in ℓ (largest at ℓ = n being minimized implies it's reduced relative to other components). However, the proposition states variance is weakly decreasing in ℓ for substitutes with w < 0. This appears to contradict the stated intuition. The authors may have a different mechanism in mind (perhaps related to the cost function constraints), but the text doesn't clarify this discrepancy, leaving a potential logical inconsistency between the formal result and the intuitive explanation.",logical,125,,,,,,,
pred_15,targeting-interventions-networks,progressive_full,Underspecified optimality claim for variance control problem,"Let the optimal intervention be $\mathcal{B}^{*}$, and let $\boldsymbol{b}^{*}$ be a typical realization.","The proposition states results about the optimal intervention B* but the problem (IT-G) is referenced without being shown in the passage. While forward references are generally acceptable, the proposition makes claims about variance ordering at the optimum without specifying the objective function or constraints of (IT-G) beyond referencing Assumption 5 and equation (9). A reader cannot verify whether the variance orderings follow from standard optimization principles without seeing the full problem formulation. The reference to 'typical realization' also raises questions about whether the variance results hold pointwise for each realization or only in expectation, which matters for interpretation. This is borderline since the problem may be fully specified elsewhere, but the passage makes it difficult for a reader to assess the validity of the claims.",technical,124,,,,,,,
pred_16,targeting-interventions-networks,progressive_full,Missing squared factor in Lagrangian term,$\mathcal{L}=w \sum_{\ell=1}^{n} \alpha_{\ell}\left(1+x_{\ell}\right)^{2} \underline{\hat{b}}_{\ell}+\mu\left[C-\sum_{\ell=1}^{n} \hat{b}_{\ell}^{2} x_{\ell}^{2}\right]$,"In the objective function of the optimization problem (IT-PC) shown just above, the term is $\alpha_{\ell}(1+x_{\ell})^{2} \underline{\hat{b}}_{\ell}^{2}$ with $\underline{\hat{b}}_{\ell}$ squared. However, in the Lagrangian, the first sum has $\underline{\hat{b}}_{\ell}$ without the square. This appears to be a typographical error. The subsequent first-order condition correctly shows $2 \hat{b}_{\ell}^{2}[...]$ which is consistent with the squared version, suggesting the Lagrangian should have $\underline{\hat{b}}_{\ell}^{2}$.",technical,145,yes,5,5,5,5,2,Matches the Refine Lagrangian typo. The reviewer cross-checks the objective and subsequent first-order condition and correctly infers that the status-quo component should be squared.
pred_17,targeting-interventions-networks,progressive_full,Inconsistent notation between underlined and non-underlined b in constraint,$\sum_{\ell=1}^{n} \hat{\underline{b}}_{\ell}^{2} x_{\ell}^{2} \leq C$,"The optimization problem uses $\underline{\hat{b}}_{\ell}^{2}$ (with underline indicating projection onto principal components) in the constraint, but the Lagrangian and FOC use $\hat{b}_{\ell}^{2}$ without the underline. According to the paper's notation, $\underline{\boldsymbol{z}} = \boldsymbol{U}^\top \boldsymbol{z}$ denotes the projection, so $\underline{\hat{b}}_{\ell}$ and $\hat{b}_{\ell}$ are different quantities (one is a component of the original vector, the other is a projection onto an eigenvector). The FOC should use $\underline{\hat{b}}_{\ell}^{2}$ to be consistent with the stated problem.",technical,150,,,,,,,
pred_18,targeting-interventions-networks,progressive_full,Typo in equilibrium condition: matrix $\beta$ instead of scalar,"By recalling that, in equilibrium, $\underline{\boldsymbol{a}}^{*}=[\boldsymbol{I}-\boldsymbol{\beta} \boldsymbol{\Lambda}]^{-1} \underline{\boldsymbol{b}}$","The paper consistently defines $\beta$ as a scalar parameter capturing strategic interdependencies. However, here it is written in bold as $\boldsymbol{\beta}$, suggesting a matrix or vector. The correct expression should be $[\boldsymbol{I}-\beta \boldsymbol{\Lambda}]^{-1}$ with scalar $\beta$, as written elsewhere in the paper (e.g., in Section 3 where $[\boldsymbol{I} - \beta \boldsymbol{\Lambda}] \underline{\boldsymbol{a}}^* = \underline{\boldsymbol{b}}$ is stated).",technical,138,,,,,,,
pred_19,targeting-interventions-networks,progressive_full,Summation notation error with superscript,$\max _{x} w \sum \ell=1^{n} \alpha_{\ell}\left(1+x_{\ell}\right)^{2} \underline{\hat{b}}_{\ell}^{2}$,"The summation is written as '$\sum \ell=1^{n}$' which appears to be a rendering error. It should be '$\sum_{\ell=1}^{n}$' with the index as a subscript. While this is likely a typesetting issue, it could cause confusion for readers trying to parse the mathematical expression.",technical,141,no,4,5,4,5,1,Precisely identifies malformed summation notation and supplies the intended expression. The issue is easy to fix but may be a rendering artifact and is substantively trivial.
pred_20,targeting-interventions-networks,progressive_full,Missing underline notation on variables in W* expression,$W^{*}=\sum_{\ell=1}^{n} \hat{b}_{\ell}^{2} \alpha_{\ell}\left(1+x_{\ell}^{*}\right)^{2}=\hat{b}_{1}^{2} \alpha_{1} x_{1}^{*}\left(x_{1}^{*}+2\right)+\sum_{\ell=2}^{n} \hat{b}_{\ell}^{2} \alpha_{\ell} x_{\ell}^{*}\left(x_{\ell}^{*}+2\right)+\sum_{\ell=1}^{n} \alpha_{\ell} \hat{b}_{\ell}^{2}$,"The expression for W* uses $\hat{b}_{\ell}$ without underlines, but according to the paper's notation, $\underline{\boldsymbol{b}}_\ell$ denotes the projection onto the $\ell$th principal component. The formula for W^s correctly uses $\underline{\hat{b}}_\ell$, and later in the derivation chain $\underline{\hat{b}}_\ell$ appears. This appears to be a notation inconsistency where the underlines were dropped. The expressions should use $\underline{\hat{b}}_\ell^2$ to be consistent with the established notation for principal component projections.",technical,163,,,,,,,
pred_21,targeting-interventions-networks,progressive_full,Typographical error in factor within inequality chain,$\leq 1+\frac{2 \alpha_{1}-\alpha_{2}^{*}}{\alpha_{1}} \frac{\|\hat{\boldsymbol{b}}\|^{2}}{C}\left(\frac{\alpha_{2}}{\alpha_{1}-\alpha_{2}}\right)^{2}$,"The term $\alpha_2^*$ appears in the numerator, but there is no definition of $\alpha_2^*$ anywhere in the paper summary or passage. Looking at the subsequent line which shows $2\alpha_1 - \alpha_2$ (without the asterisk), and examining the derivation that leads to this inequality where the factor $(2\alpha_1 - \alpha_2)$ emerges from expanding $\frac{\alpha_2}{\alpha_1-\alpha_2}(\frac{\alpha_2}{\alpha_1-\alpha_2}+2)$, it appears $\alpha_2^*$ should simply be $\alpha_2$. This is likely a typographical error.",technical,179,,,,,,,
pred_22,targeting-interventions-networks,progressive_full,Missing underline on $\hat{b}_1$ in cosine similarity derivation,$\left(\boldsymbol{b}^{*}-\hat{\boldsymbol{b}}\right) \cdot \boldsymbol{u}^{1}=\sum_{i} \sum_{\ell=1}^{n} u_{i}^{1} u_{i}^{\ell} \frac{w \alpha_{\ell}}{\mu-w \alpha_{\ell}} \hat{\underline{b}}_{\ell}=\sum_{\ell=1}^{n} \frac{w \alpha_{\ell}}{\mu-w \alpha_{\ell}} \hat{\underline{b}}_{\ell}\left(\boldsymbol{u}^{1} \cdot \boldsymbol{u}^{\ell}\right)=\frac{w \alpha_{1}}{\mu-w \alpha_{1}} \hat{\underline{b}}_{1}$,"The derivation correctly shows that the result equals $\frac{w \alpha_1}{\mu-w \alpha_1} \hat{\underline{b}}_1$ with the underline notation. However, in the subsequent equation (13), the result is written as $\rho(\Delta \boldsymbol{b}^{*}, \boldsymbol{u}^{1})=\frac{1}{\sqrt{C}} \frac{w \alpha_{1}}{\mu-w \alpha_{1}} \hat{b}_{1}$ without the underline. This inconsistency matters because $\hat{b}_1$ (the first component of $\hat{\boldsymbol{b}}$) and $\underline{\hat{b}}_1$ (the projection onto the first principal component) are different quantities in general.",technical,176,,,,,,,
pred_23,targeting-interventions-networks,progressive_full,Index notation error in intermediate expression,$b_{i}^{*}-\hat{b}_{i}=w \sum_{\ell=1}^{n} u_{\ell}^{i} \frac{\alpha_{\ell}}{\mu-w \alpha_{\ell}} \hat{b}_{\ell}$,"There are two issues here. First, based on the paper's notation where $u_i^\ell$ denotes the $i$th entry of the $\ell$th eigenvector, the notation $u_\ell^i$ reverses the convention. Second, the expression uses $\hat{b}_\ell$ instead of $\underline{\hat{b}}_\ell$. The correct reconstruction from $\underline{b}_\ell^* - \underline{\hat{b}}_\ell = \frac{w\alpha_\ell}{\mu - w\alpha_\ell}\underline{\hat{b}}_\ell$ to the original basis should give $b_i^* - \hat{b}_i = \sum_\ell u_i^\ell \cdot \frac{w\alpha_\ell}{\mu - w\alpha_\ell}\underline{\hat{b}}_\ell$, using consistent notation.",technical,175,,,,,,,
pred_24,targeting-interventions-networks,progressive_full,Potential sign error or missing absolute value in eigenvalue ratio bound,$\frac{w \alpha_{\ell}}{\mu-w \alpha_{\ell}}<\frac{w \alpha_{\ell}}{w \alpha_{1}-w \alpha_{\ell}}=\frac{\alpha_{\ell}}{\alpha_{1}-\alpha_{\ell}}<\frac{\alpha_{2}}{\alpha_{1}-\alpha_{2}}$,"This chain of inequalities is presented as part of the proof of Proposition 2. The first inequality $\frac{w \alpha_{\ell}}{\mu-w \alpha_{\ell}}<\frac{w \alpha_{\ell}}{w \alpha_{1}-w \alpha_{\ell}}$ requires $\mu - w\alpha_\ell > w\alpha_1 - w\alpha_\ell$, i.e., $\mu > w\alpha_1$. However, the direction of this inequality depends critically on the sign of $w$ and the relationship between $\mu$ and $w\alpha_1$. From the paper context, $w > 0$ is assumed (Proposition 2 states 'Suppose $w>0$'), and for the Lagrangian optimality conditions, $\mu$ would typically be chosen such that the constraint binds. The inequality also assumes we're in the strategic complements case ($\beta > 0$), where $\alpha_1 > \alpha_2 > \cdots > \alpha_n$ since eigenvalues are ordered $\lambda_1 \geq \lambda_2 \geq \cdots$. The final inequality $\frac{\alpha_{\ell}}{\alpha_{1}-\alpha_{\ell}}<\frac{\alpha_{2}}{\alpha_{1}-\alpha_{2}}$ for $\ell > 2$ is correct because $\alpha_\ell < \alpha_2$ and $\alpha_1 - \alpha_\ell > \alpha_1 - \alpha_2$. However, the first step's validity depends on showing $\mu > w\alpha_1$, which is not explicitly justified in this passage. This could be established elsewhere in the proof, but as presented, a key step in the reasoning chain lacks sufficient justification.",technical,186,,,,,,,
pred_25,targeting-interventions-networks,progressive_full,Variational characterization states eigenvectors are maximizers but should be minimizers for smallest eigenvalues,"Moreover, the eigenvector $\boldsymbol{u}^{n}$ is a maximizer of the first problem, while $\boldsymbol{u}^{n-1}$ is a maximizer of the second","The passage states that $\lambda_n = \min_{\boldsymbol{u}:\|\boldsymbol{u}\|=1} \sum_{i,j} g_{ij} u_i u_j$ and then claims '$\boldsymbol{u}^n$ is a maximizer of the first problem.' This is internally inconsistent—if $\lambda_n$ is defined via a minimization problem, then $\boldsymbol{u}^n$ should be a minimizer, not a maximizer. This appears to be a typographical error where 'maximizer' should read 'minimizer' for both $\boldsymbol{u}^n$ and $\boldsymbol{u}^{n-1}$. The analogous statement earlier for $\lambda_1$ and $\lambda_2$ correctly identifies $\boldsymbol{u}^1$ and $\boldsymbol{u}^2$ as maximizers of their respective maximization problems, suggesting this is indeed an error rather than intentional.",technical,104,,,,,,,
pred_26,targeting-interventions-networks,progressive_full,Incomplete equation (A.12) in Welfare proof,W^{*}=\sum_{\ell=1}^{n} \hat{b}_{\ell}^{2} \alpha_{\ell}\left(1+x_{\ell}^{*}\right)^{2}=\hat{b}_{1}^{2} \alpha_{1} x_{1}^{*}\left(x_{1}^{*}+2\right)+\sum_{\ell=2}^{n} \hat{b}_{\ell}^{2} \alpha_{\ell} x_{\ell}^{*}\left(x_{\ell}^{*}+2\right)+\sum_{\ell=1}^{n} \alpha_{\ell,"The equation for W* in the proof of Proposition 2 is clearly truncated mid-expression. The passage ends with '$\sum_{\ell=1}^{n} \alpha_{\ell$' which is incomplete. While this could be a passage boundary issue, the proof cannot be followed or verified without the complete expression. A reader attempting to reproduce the welfare bound derivation would be unable to proceed from this point.",technical,163,,,,,,,
pred_27,targeting-interventions-networks,progressive_full,Inconsistent underline notation for transformed variables,W^{s}=\sum_{\ell=1}^{n} \hat{\underline{b}}_{\ell}^{2} \alpha_{\ell}\left(1+\tilde{x}_{\ell}\right)^{2}=\hat{\underline{b}}_{1}^{2} \alpha_{1} \tilde{x}_{1}\left(\tilde{x}_{1}+2\right)+\sum_{\ell=1}^{n} \alpha_{\ell} \hat{\underline{b}}_{\ell}^{2},"In the welfare proof, the notation switches between $\hat{\underline{b}}_\ell$ (with underline, denoting projection onto principal components) and later $\hat{b}_\ell$ (without underline, denoting the original coordinates). Looking at the subsequent equation for W*, it uses $\hat{b}_\ell$ without underlines: '$W^{*}=\sum_{\ell=1}^{n} \hat{b}_{\ell}^{2} \alpha_{\ell}...$'. According to the summary, $\underline{\boldsymbol{z}} = \boldsymbol{U}^\top \boldsymbol{z}$ denotes projection onto principal components. The welfare expressions should consistently use the underlined notation $\hat{\underline{b}}_\ell$ since these are projections onto eigenvectors. This inconsistency could confuse readers about which basis is being used.",technical,162,,,,,,,
pred_28,targeting-interventions-networks,progressive_full,Condition for corner solution appears inconsistent with earlier derivation,"Note that if Assumption 3 does not hold (i.e., $w<0$ and $\sum_{\ell=1}^{n} \hat{\underline{b}}_{\ell}^{2} \leq C$ ), then the optimal solution is $x_{\ell}^{*}=-1$ for all $\ell$.","The footnote claims that when $w < 0$ and $\sum_{\ell=1}^{n} \hat{\underline{b}}_{\ell}^{2} \leq C$, the optimal solution is $x_\ell^* = -1$ for all $\ell$. However, setting $x_\ell = -1$ for all $\ell$ means the intervention cost is $\sum_{\ell=1}^{n} \hat{\underline{b}}_\ell^2 x_\ell^2 = \sum_{\ell=1}^{n} \hat{\underline{b}}_\ell^2$. If this equals the budget constraint bound exactly (the equality case in $\sum_{\ell=1}^{n} \hat{\underline{b}}_{\ell}^{2} \leq C$), then the constraint is satisfied. But if $\sum_{\ell=1}^{n} \hat{\underline{b}}_{\ell}^{2} < C$ strictly, then there is slack in the budget, and when $w < 0$, the planner wants to minimize $\sum_\ell \alpha_\ell (1+x_\ell)^2 \hat{\underline{b}}_\ell^2$. Setting $x_\ell = -1$ achieves objective value 0, which is indeed minimal. However, the claim needs verification that no other feasible solution achieves lower (the objective with $w<0$ can be negative). Actually, since $(1+x_\ell)^2 \geq 0$ and $\alpha_\ell > 0$ and $\hat{\underline{b}}_\ell^2 \geq 0$, the objective $w \sum_\ell \alpha_\ell (1+x_\ell)^2 \hat{\underline{b}}_\ell^2$ with $w < 0$ is maximized (least negative) when $(1+x_\ell)^2 = 0$, i.e., $x_\ell = -1$. So the solution $x_\ell^* = -1$ is correct for maximizing welfare when $w < 0$. The statement is mathematically correct but the footnote's phrasing could be clearer about why this is a maximization problem being solved.",logical,214,,,,,,,
